source;wp_id;supplier_article;name;price;currency;in_stock
elicon.by;1157;8181-00;"Счетчик газа диафрагменный с термокомпенсатором СГД-3Т-1-1 G6 (левый) L=200";172.38;BYN;1
elicon.by;1159;8181-20;"Счетчик газа диафрагменный с термокомпенсатором СГД-3Т-1-1-G4 (левый) L=200";232.96;BYN;1
elicon.by;1158;8181-01;"Счетчик газа диафрагменный с термокомпенсатором СГД-3Т-1-2 G6 (правый) L=200";187.85;BYN;1
elicon.by;916;8181-21;"Счетчик газа диафрагменный с термокомпенсатором СГД-3Т-1-2-G4 (правый) L=200";181.70;BYN;1
elicon.by;911;8181-22;"Счетчик газа диафрагменный с термокомпенсатором СГД-3Т-1И-1-G4 (левый) L=200";;BYN;0
elicon.by;907;8181-04;"Счетчик газа диафрагменный с термокомпенсатором СГД-3Т-1И-1-G6 (левый) L=200";187.65;BYN;1
elicon.by;944;8181-23;"Счетчик газа диафрагменный с термокомпенсатором СГД-3Т-1И-2- G4 (правый) L=200";195.17;BYN;1
elicon.by;903;8181-05;"Счетчик газа диафрагменный с термокомпенсатором СГД-3Т-1И-2- G6 (правый) L=200";187.65;BYN;1
elicon.by;1218;8181-10;"Счетчик газа диафрагменный с термокомпенсатором СГД-3Т-2-1 G6 (левый) L=250";187.03;BYN;1
elicon.by;1161;8181-11;"Счетчик газа диафрагменный с термокомпенсатором СГД-3Т-2-2 G6 (правый) L=250";187.03;BYN;1
elicon.by;1160;8181-12;"Счетчик газа диафрагменный с термокомпенсатором СГД-3Т-2И-1 G6 (левый) L=250";203.73;BYN;1
elicon.by;1878;8336-50;"Счетчик газа диафрагменный СГД 4-3-1 G2,5 L=110 (левый)";;BYN;0
elicon.by;1221;8336-94;"Счетчик газа диафрагменный СГД 4-3-1 G2,5 И L=110 (левый)";;BYN;0
elicon.by;925;8336-48;"Счетчик газа диафрагменный СГД 4-3-1-G4ТИ (левый) L=110 (без манжет)";;BYN;0
elicon.by;1331;8336-07;"Счетчик газа диафрагменный СГД 4-3-2-G4ТИ (правый) L=110";173.36;BYN;1
elicon.by;1228;1009-00;"Счетчик газа диафрагменный СГМН-1-1-1-G6 (левый) L=250";;BYN;0
elicon.by;947;1009-04;"Счетчик газа диафрагменный СГМН-1-2-1-G6 (левый) L=200";162.66;BYN;1
elicon.by;1152;1009-06;"Счетчик газа диафрагменный СГМН-1-2-2-G6 (правый) L=200";162.66;BYN;1
elicon.by;929;8072-20;"Счетчик газа СГД-1-2-1-G1,6 (правый) L=110";180.51;BYN;1
elicon.by;920;8072-22;"Счетчик газа СГД-1-2-1-G2,5 (правый) L=110";180.51;BYN;1
elicon.by;923;8072-21;"Счетчик газа СГД-1-2-2-G1,6 (левый) L=110";180.51;BYN;1
elicon.by;1167;8072-23;"Счетчик газа СГД-1-2-2-G2,5 (левый) L=110";180.51;BYN;1
elicon.by;4588;8349-10;"Счетчик газа ультразвуковой ""СКАТ""- G10";542.34;BYN;1
elicon.by;4303;8349000000012;"Счетчик газа ультразвуковой ""СКАТ""- G10 R";;BYN;0
elicon.by;6023;8349000000016;"Счетчик газа ультразвуковой ""СКАТ""- G10 RP";;BYN;0
elicon.by;4305;8349000000011;"Счетчик газа ультразвуковой ""СКАТ""- G10 В";574.08;BYN;1
elicon.by;6021;8349000000001;"Счетчик газа ультразвуковой ""СКАТ""- G6 B";572.70;BYN;1
elicon.by;6016;8349000000004;"Счетчик газа ультразвуковой ""СКАТ""- G6 P";695.52;BYN;1
elicon.by;4304;8349000000002;"Счетчик газа ультразвуковой ""СКАТ""- G6 R";;BYN;0
elicon.by;5719;8349000000007;"Счетчик газа ультразвуковой ""СКАТ""- G6 RKP";1134.36;BYN;1
elicon.by;1162;8345-00;"Счетчик газа ультразвуковой ВЕГА G1.6";;BYN;0
elicon.by;1164;8345-04;"Счетчик газа ультразвуковой ВЕГА G1.6 В";222.18;BYN;1
elicon.by;1698;8345-01;"Счетчик газа ультразвуковой ВЕГА G2.5";209.76;BYN;1
elicon.by;3857;8348-30;"Счетчик газа ультразвуковой КАТА - G6 R-3";651.36;BYN;1
elicon.by;3165;8348000000023;"Счетчик газа ультразвуковой КАТА - G6 RК-1";822.48;BYN;1
elicon.by;3159;8348.00.00.000-09;"Счетчик газа ультразвуковой КАТА G4 B-3";449.88;BYN;1
elicon.by;6032;8348000000008;"Счетчик газа ультразвуковой КАТА G4-3";433.32;BYN;1
elicon.by;3863;8348-01;"Счетчик газа ультразвуковой КАТА-G4 В-1";444.36;BYN;1
elicon.by;6041;8348000000005;"Счетчик газа ультразвуковой КАТА-G4 В-2";445.74;BYN;1
elicon.by;3862;8348-00;"Счетчик газа ультразвуковой КАТА-G4-1";430.56;BYN;1
elicon.by;3166;8348000000027;"Счетчик газа ультразвуковой КАТА-G6 RK-2";823.86;BYN;1
elicon.by;3861;8348-21;"Счетчик газа ультразвуковой КАТА-G6 В-1";451.26;BYN;1
elicon.by;6043;8348000000029;"Счетчик газа ультразвуковой КАТА-G6 В-3";454.02;BYN;1
elicon.by;6037;8348000000020;"Счетчик газа ультразвуковой КАТА-G6-1";436.08;BYN;1
elicon.by;6047;8348000000024;"Счетчик газа ультразвуковой КАТА-G6-2";437.46;BYN;1
elicon.by;6045;8348000000028;"Счетчик газа ультразвуковой КАТА-G6-3";438.84;BYN;1
elicon.by;3854;8348-02;"Счетчики газа ультразвуковые КАТА-G4 R-1";640.32;BYN;1
elicon.by;6039;8348000000010;"Счетчики газа ультразвуковые КАТА-G4 R-3";643.08;BYN;1
elicon.by;6034;8348000000003;"Счетчики газа ультразвуковые КАТА-G4 RК-1";818.34;BYN;1
