supplier_article;supplier_name;price;site_sku;notes
001;"Дровяной камин BLACK STOVE Hors-6";2269.80;;
002;"Дровяной камин BLACK STOVE Hors-9";3092.70;;
011;"Печь-Камин Hors-10";3619.20;;
003;"Дровяной камин BLACK STOVE Hors-13";4293.90;;
004;"Печь-Камин Magma-8";5736.90;;
005;"Каминная топка Bruno H-800";10475.40;;
026;"Чугунная печь  ""Венеция"" 22 Закрытая каменка Aisi 304";2999.10;;
012;"Чугунная печь  ""Verona"" 18 Закрытая каменка Aisi 304";3162.90;;
006;"Чугунная печь  ""Verona"" 26 Закрытая каменка Aisi 304";3744.00;;
014;"Чугунная печь  ""Verona"" 18 ГАЗ Закрытая каменка Aisi 304, УГ в комплекте";4098.90;;
015;"Чугунная печь  ""Verona"" 26 ГАЗ Закрытая каменка Aisi 304, УГ в комплекте";4676.10;;
027;"Чугунная печь  ""Венеция"" 22 ГАЗ Закрытая каменка Aisi 304, УГ в комплекте";3861.00;;
501;"Печь-камин чугунная ""Verona"" 50 ЗК-нерж, Сетчатый Кожух";5171.40;;
028;"Чугунная печь  ""Венеция"" 20 ДТ-4";1817.40;;
029;"Чугунная печь  ""Венеция"" 20 Д-2";2016.30;;
030;"Чугунная печь  ""Венеция"" 20 Д-1";2219.10;;
031;"Чугунная печь  ""Венеция-Флагман"" 20";2250.30;;
032;"Чугунная печь  ""Венеция"" 20 ДТ-4 без выноса";1817.40;;
033;"Чугунная печь  ""Венеция"" 20 Д-2 без выноса";2016.30;;
034;"Чугунная печь  ""Венеция"" 20 ГАЗ УГ в комплекте";2636.40;;
018;"Чугунная печь  ""Verona"" 18 Закрытая каменка Aisi 304 облицовка Тальк";7402.20;;
019;"Чугунная печь  ""Verona"" 26 Закрытая каменка Aisi 304 облицовка Тальк

NEW";8544.90;;
020;"Чугунная печь  ""Verona"" 18 ГАЗ Закрытая каменка Aisi 304, УГ в комплекте облицовка Тальк

NEW";8338.20;;
021;"Чугунная печь  ""Verona"" 26 ГАЗ Закрытая каменка Aisi 304, УГ в комплекте облицовка Тальк

NEW";9480.90;;
022;"Чугунная печь  ""Verona"" 18 Закрытая каменка Aisi 304 облицовка Пироксенит

NEW";7402.20;;
023;"Чугунная печь  ""Verona"" 26 Закрытая каменка Aisi 304 облицовка Пироксенит

NEW";8544.90;;
024;"Чугунная печь  ""Verona"" 18 ГАЗ Закрытая каменка Aisi 304, УГ в комплекте облицовка Пироксенит

NEW";8338.20;;
025;"Чугунная печь  ""Verona"" 26 ГАЗ Закрытая каменка Aisi 304, УГ в комплекте облицовка Пироксенит

NEW";9480.90;;
007;"Печь из нержавеющей стали ""Varna"" 16  Закрытая каменка";2745.60;;
010;"Печь из нержавеющей стали ""Varna"" 26  Закрытая каменка";3244.80;;
016;"Печь из нержавеющей стали ""Varna"" 16 ГАЗ Закрытая каменка";3681.60;;
017;"Печь из нержавеющей стали ""Varna"" 26 ГАЗ Закрытая каменка";4176.90;;
008;"Теплообменник для печи ""Verona 18-26""";214.50;;
009;"Сетчатый экономайзер L-700 ""Verona-Varna """;210.60;;
2001;"Печь-Камин Народная 16(Aisi430) Закрытая Каменка (сетка трансформер)";2492.10;;
2002;"Печь-Камин Народная 26(Aisi430) Закрытая Каменка (сетка трансформер)";2991.30;;
2003;"Печь-Камин Народная 16(Aisi430) ГАЗ Закрытая Каменка(сетка трансформер)";3424.20;;
2004;"Печь-Камин Народная 26(Aisi430) ГАЗ Закрытая Каменка(сетка трансформер)";3923.40;;
2011;"Сетчатый экономайзер L-700  ""Народная""";210.60;;
2010;"Теплообменник ""Народная"" (Aisi304) 2 мм 3/4";222.30;;
307;"Бак 35л.";312.00;;
312;"Бак 50л.";351.00;;
1701;"Печь-камин чугунная ""Verona"" 50 ЗК-нерж, в КАМЕННОЙ ОБЛИЦОВКЕ";11583.00;;
1702;"Печь-камин чугунная ""Verona"" 50 ЗК-нерж, в КАМЕННОЙ ОБЛИЦОВКЕ+Облицовка Дымохода 500мм";12444.90;;
1703;"Печь-камин чугунная для бани ""Воевода"" 20 Д-2 в КАМЕННОЙ ОБЛИЦОВКЕ   NEW";5031.00;;
1707;"Печь-камин чугунная для бани ""Воевода"" 20 Д-1 в КАМЕННОЙ ОБЛИЦОВКЕ";5241.60;;
1704;"Печь-камин чугунная для бани ""Воевода-ФЛАГМАН"" 20 в КАМЕННОЙ ОБЛИЦОВКЕ";5272.80;;
1705;"Печь-камин ""Викинг"" 15 Д-2 в КАМЕННОЙ ОБЛИЦОВКЕ";4672.20;;
1708;"Печь-камин ""Викинг"" 15 Д-1 в КАМЕННОЙ ОБЛИЦОВКЕ";4746.30;;
1706;"Печь-камин ""Флагман"" 15 в КАМЕННОЙ ОБЛИЦОВКЕ";4777.50;;
1903;"Печь ""Викинг"" 15 Газ в КАМЕННОЙ ОБЛИЦОВКЕ";5600.40;;
654;"Печь чугунная для бани ""Воевода"" 20 ГАЗ в КАМЕННОЙ ОБЛИЦОВКЕ

NEW";5740.80;;
1901;"Берёзка 15 Газ";2121.60;;
311;"Теплообменник в камеру сгорания берёзка/фаворит/флагман,витязь/викинг";198.90;;
307;"Бак 35л. ""Березка 15""";312.00;;
1902;"Викинг 15 Газ (сетчатый кожух)";2293.20;;
1908;"Берёзка 24 Газ";2464.80;;
311;"Теплообменник в камеру сгорания берёзка/фаворит/флагман,витязь/викинг";198.90;;
312;"Бак 50л. ""Березка 24""";351.00;;
1909;"Викинг 24 Газ (сетчатый кожух)";2706.60;;
1907;"Печь «Витязь» 18  Газ (сетчатый кожух, закрытая каменка)";2928.90;;
1910;"Печь «Витязь» 28  Газ (сетчатый кожух, закрытая каменка НЕРЖ)";3381.30;;
1904;"Комплект СУГ - САБК (ПРОПАН)";54.60;;
1905;"Портал съёмный с дверцей ДТ-3 (комплект)";148.20;;
1911;"Портал ГАЗ/Дрова с дверцей ДТ-3(комплект) NEW";148.20;;
1912;"Портал ГАЗ/Дрова с дверцей ДТ-3(комплект) АБ-20-1";148.20;;
1906;"Чугунная колосниковая решетка для газовой печи";42.90;;
2301;"Тундра 14 закрытая каменка сетчатый кожух";635.70;;
2302;"Тундра 14 стекло закрытая каменка сетчатый кожух";721.50;;
2303;"Тундра 16 закрытая каменка сетчатый кожух";764.40;;
2304;"Тундра 16 стекло закрытая каменка сетчатый кожух";846.30;;
2305;"Тундра 14 закрытая каменка конвекция";663.00;;
2306;"Тундра 14 стекло закрытая каменка конвекция";748.80;;
2307;"Тундра 16 закрытая каменка конвекция";791.70;;
2308;"Тундра 16 стекло закрытая каменка конвекция";877.50;;
107;"Оптима 12 ДТ-3 сетка";612.30;;
108;"Оптима 12 ДТ-3 стекло сетка";686.40;;
109;"Оптима 15 ДТ-3 Сетка";893.10;;
110;"Оптима 15 (ДТ-3 стекло) Сетка";967.20;;
111;"Оптима 24 ДТ-3 Сетка";1017.90;;
112;"Оптима 24 (ДТ-3 стекло) Сетка";1088.10;;
207;"Корвет 15 (сетчатый кожух)";1134.90;;
208;"Корвет 15 (сетчатый кожух, ДТ-3 стекло)";1205.10;;
209;"Корвет 24 (сетчатый кожух)";1279.20;;
210;"Корвет 24 (сетчатый кожух, ДТ-3 стекло)";1349.40;;
311;"Теплообменник в камеру сгорания под заказ в печь с сеткой!";230.10;;
305;"Берёзка 15 ДТ-4";1185.60;;
311;"Теплообменник в камеру сгорания берёзка/фаворит/флагман,витязь/викинг";198.90;;
307;"Бак 35л. ""Березка 15""";312.00;;
310;"Берёзка 24 ДТ-4";1528.80;;
311;"Теплообменник в камеру сгорания берёзка/фаворит/флагман,витязь/викинг";198.90;;
312;"Бак 50л. ""Березка 24""";351.00;;
401;"Печь-камин ""Фаворит"" 15 Д-2";1560.00;;
404;"Печь-камин ""Фаворит"" 15 Д-1";1696.50;;
311;"Теплообменник в камеру сгорания берёзка/фаворит/флагман,витязь/викинг";198.90;;
307;"Бак 35л. ""Фаворит 15""";312.00;;
405;"Печь-камин ""Фаворит"" 24 Д-2";1860.30;;
402;"Печь-камин ""Фаворит"" 24 Д-1";1992.90;;
311;"Теплообменник в камеру сгорания берёзка/фаворит/флагман,витязь/викинг";198.90;;
312;"Бак 50л. ""Фаворит 24""";351.00;;
1805;"Печь чугунная для бани ""Воевода"" 15 Лайт (ДТ-4 Сетка)";1329.90;;
1806;"Печь чугунная для бани ""Воевода"" 20 Лайт (ДТ-4 Сетка)";1540.50;;
634;"Печь чугунная для бани ""Воевода"" 15 ДТ-4 (без сетки под обкладку)";1333.80;;
603;"Печь-камин чугунная для бани ""Воевода"" 15 Д-2 (без сетки под обкладку)";1548.30;;
638;"Печь-камин чугунная для бани ""Воевода"" 15 Д-1 (без сетки под обкладку)";1747.20;;
639;"Печь-камин чугунная для бани ""Воевода-ФЛАГМАН"" 15 (без сетки под обкладку)";1782.30;;
635;"Печь чугунная для бани ""Воевода"" 15 (ДТ-4 Сетч.кожух)";1411.80;;
606;"Печь-камин  чугунная для бани ""Воевода"" 15 Д-2 Сетч.кожух";1680.90;;
640;"Печь-камин  чугунная для бани ""Воевода"" 15 Д-1 Сетч.кожух";1879.80;;
641;"Печь-камин  чугунная для бани ""Воевода-ФЛАГМАН"" 15 Сетч.кожух";1911.00;;
612;"Печь чугунная для бани ""Воевода"" 20 ДТ-4 (без сетки под обкладку)";1622.40;;
613;"Печь-камин чугунная для бани ""Воевода"" 20 Д-2 (без сетки под обкладку)";1821.30;;
644;"Печь-камин чугунная для бани ""Воевода"" 20 Д-1 (без сетки под обкладку)";2024.10;;
614;"Печь-камин чугунная для бани ""Воевода-ФЛАГМАН"" 20 (без сетки под обкладку)";2055.30;;
617;"Печь чугунная для бани ""Воевода"" 20 (ДТ-4 Конвектор)";1735.50;;
618;"Печь-камин  чугунная для бани ""Воевода"" 20 Д-2 Конвектор";1938.30;;
645;"Печь-камин  чугунная для бани ""Воевода"" 20 Д-1 Конвектор";2137.20;;
619;"Печь-камин  чугунная для бани ""Воевода-ФЛАГМАН"" 20 Конвектор";2168.40;;
622;"Печь чугунная для бани ""Воевода"" 20 (ДТ-4 Сетч.кожух)";1700.40;;
623;"Печь-камин  чугунная для бани ""Воевода"" 20 Д-2 Сетч.кожух";1899.30;;
646;"Печь-камин  чугунная для бани ""Воевода"" 20 Д-1 Сетч.кожух";2102.10;;
624;"Печь-камин  чугунная для бани ""Воевода-ФЛАГМАН"" 20 Сетч.кожух";2133.30;;
637;"Печь чугунная для бани ""Воевода"" 15 (ДТ-4 Сетч.кожух)   Закрытая Каменка";1817.40;;
627;"Печь-камин  чугунная для бани ""Воевода"" 15 Д-2 Сетч.кожух Закрытая Каменка";2086.50;;
647;"Печь-камин  чугунная для бани ""Воевода"" 15 Д-1 Сетч.кожух Закрытая Каменка";2285.40;;
648;"Печь-камин  чугунная для бани ""Воевода-ФЛАГМАН"" 15 Сетч.кожух Закрытая Каменка";2316.60;;
630;"Печь чугунная для бани ""Воевода"" 20 (ДТ-4 Сетч.кожух) ЗАКРЫТАЯ КАМЕНКА";2363.40;;
631;"Печь-камин  чугунная для бани ""Воевода"" 20 Д-2 Сетч.кожух Закрытая Каменка";2577.90;;
649;"Печь-камин  чугунная для бани ""Воевода"" 20 Д-1 Сетч.кожух Закрытая Каменка";2800.20;;
632;"Печь-камин  чугунная для бани ""Воевода-ФЛАГМАН"" 20 Сетч.кожух Закрытая Каменка";2831.40;;
650;"Печь чугунная для бани ""Воевода"" 20 ГАЗ (без сетки под обкладку) 

NEW";2441.40;;
651;"Печь чугунная для бани ""Воевода"" 20 ГАЗ Конвектор

NEW";2558.40;;
652;"Печь чугунная для бани ""Воевода"" 20 ГАЗ Сетч.кожух  

NEW";2519.40;;
653;"Печь чугунная для бани ""Воевода"" 20 ГАЗ Сетч.кожух Закрытая Каменка

NEW";3186.30;;
803;"Печь ""Викинг"" 15 (сетчатый кожух, ДТ-4)";1396.20;;
804;"Печь-камин ""Викинг"" 15 Д-2 (сетчатый кожух)";1696.50;;
809;"Печь-камин ""Викинг"" 15 Д-1 (сетчатый кожух)";1762.80;;
807;"Печь ""Викинг"" 24 (сетчатый кожух, ДТ-4)";1774.50;;
810;"Печь-камин ""Викинг"" 24 Д-2 (сетчатый кожух)";2086.50;;
808;"Печь-камин ""Викинг"" 24 Д-1 (сетчатый кожух)";2156.70;;
903;"Печь ""Витязь"" 18 ДТ-4 (Закрытая каменка нерж, Сетчатый кожух)";1996.80;;
904;"Печь-камин ""Витязь"" 18 Д-2 (Закрытая каменка нерж, Сетчатый кожух)";2242.50;;
909;"Печь-камин ""Витязь"" 18 Д-1 (Закрытая каменка нерж, Сетчатый кожух)";2324.40;;
907;"Печь ""Витязь"" 28 (сетчатый кожух, ДТ-4)";2449.20;;
910;"Печь-камин ""Витязь"" 28 Д-2 (Закрытая каменка нерж, Сетчатый кожух)";2714.40;;
908;"Печь-камин ""Витязь"" 28 Д-1 (Закрытая каменка нерж, Сетчатый кожух)";2796.30;;
1001;"Флагман 15";1716.00;;
311;"Теплообменник в камеру сгорания берёзка/фаворит/флагман,витязь/викинг";198.90;;
307;"Бак 35л. ""Флагман 15""";312.00;;
1002;"Флагман 15 (сетчатый кожух)";1794.00;;
1003;"Флагман 18 (сетчатый кожух) ЗАКРЫТАЯ КАМЕНКА";2355.60;;
1004;"Флагман 24";2024.10;;
311;"Теплообменник в камеру сгорания берёзка/фаворит/флагман,витязь/викинг";198.90;;
312;"Бак 50л. ""Флагман 24""";351.00;;
1005;"Флагман 24 (сетчатый кожух)";2187.90;;
1008;"Флагман 28 (закр.каменка нерж, сетчатый кожух)";2827.50;;
1101;"Кухня мангал ДТ-3 стекло";1209.00;;
1102;"Кухня мангал ДТ-3 стекло эксклюзив";1361.10;;
1103;"Кухня мангал ДТ-3";1134.90;;
1104;"Кухня мангал ДТ-3 эксклюзив";1287.00;;
1105;"Печь под казан ДТ-3 стекло";666.90;;
1106;"Печь под казан ДТ-3 стекло эксклюзив";741.00;;
1107;"Печь под казан ДТ-3";592.80;;
1108;"Печь под казан ДТ-3 эксклюзив";670.80;;
1109;"Мангал-жаровня с крышкой";655.20;;
1110;"Мангал-жаровня эксклюзив с крышкой";694.20;;
1111;"Коптильня Триумф";292.50;;
1112;"Гриль Триумф - 400    NEW";577.20;;
1113;"Гриль Триумф - 600    NEW";682.50;;
1306;"Т-ПЕЧЬ 100";389.61;;
1307;"Т-ПЕЧЬ 100 стекло";468.00;;
1201;"Печь чугунная отопительно-варочная ""Берёзка 200""";1556.10;;
1301;"Отопительно-варочная печь ""Комфорт 120""";998.40;;
1302;"Отопительно-варочная печь ""Комфорт 120""(ДТ-3 стекло)";1072.50;;
1303;"Печь отопительная"" Кадет-1"" 50 куб.";370.50;;
1304;"Печь отопительная "" Кадет-2"" 70 куб.";670.80;;
1305;"Печь отопительная "" Кадет-2"" 70 куб. (ДТ-3 стекло)";744.90;;
1401;"Отопительная печь BulyK 100";807.30;;
1402;"Отопительная печь BuliK 100 с экранами";955.50;;
1403;"Отопительная печь BulyK 100 Стекло";916.50;;
1404;"Отопительная печь BuliK 100 Стекло с экранами";1068.60;;
1405;"Отопительная печь BuliK 100 PLUS";963.30;;
1406;"Отопительная печь BuliK 100 PLUS с экранами";1115.40;;
1407;"Отопительная печь BuliK 100 PLUS Стекло";1076.40;;
1408;"Отопительная печь BuliK 100 PLUS Стекло с экранами";1228.50;;
1409;"Отопительная печь BuliK 150";1025.70;;
1410;"Отопительная печь BuliK 150 с экранами";1181.70;;
1411;"Отопительная печь BuliK 150 Стекло";1138.80;;
1412;"Отопительная печь BuliK 150 Стекло с экранами";1290.90;;
1413;"Отопительная печь BuliK 150 PLUS";1189.50;;
1414;"Отопительная печь BuliK 150 PLUS с экранами";1349.40;;
1415;"Отопительная печь BuliK 150 PLUS Стекло";1302.60;;
1416;"Отопительная печь BuliK 150 PLUS Стекло с экранами";1458.60;;
1417;"Отопительная печь BuliK 200";1181.70;;
1418;"Отопительная печь BuliK 200 с экранами";1349.40;;
1419;"Отопительная печь BuliK 200 Стекло";1294.80;;
1420;"Отопительная печь BuliK 200 Стекло с экранами";1466.40;;
1421;"Отопительная печь BuliK 200 PLUS";1361.10;;
1422;"Отопительная печь BuliK 200 PLUS с экранами";1528.80;;
1423;"Отопительная печь BuliK 200 PLUS Стекло";1474.20;;
1424;"Отопительная печь BuliK 200 PLUS Стекло с экранами";1641.90;;
1425;"Отопительная печь BuliK 280";1665.30;;
1426;"Отопительная печь BuliK 280 с экранами";1844.70;;
1427;"Отопительная печь BuliK 280 Стекло";1778.40;;
1428;"Отопительная печь BuliK 280 Стекло с экранами";1953.90;;
1429;"Отопительная печь BuliK 280 PLUS";1852.50;;
1430;"Отопительная печь BuliK 280 PLUS с экранами";2031.90;;
1431;"Отопительная печь BuliK 280 PLUS Стекло";1965.60;;
1432;"Отопительная печь BuliK 280 PLUS Стекло с экранами";2141.10;;
1433;"Отопительная печь BuliK 400";1911.00;;
1434;"Отопительная печь BuliK 400 с экранами";2102.10;;
1435;"Отопительная печь BuliK 400 Стекло";2024.10;;
1436;"Отопительная печь BuliK 400 Стекло с экранами";2215.20;;
1437;"Отопительная печь BuliK 400 PLUS";2109.90;;
1438;"Отопительная печь BuliK 400 PLUS с экранами";2304.90;;
1439;"Отопительная печь BuliK 400 PLUS Стекло";2226.90;;
1440;"Отопительная печь BuliK 400 PLUS Стекло с экранами";2418.00;;
1549;"Обливное устройство ICEBERG CUBE 20";1505.40;;
1550;"Обливное устройство ICEBERG CUBE 30";1376.70;;
1552;"Обливное устройство ICEBERG CUBE 60";2109.90;;
1553;"Система подачи воздуха Второе Дыхание STANDART";588.90;;
1554;"Система подачи воздуха Второе Дыхание BLACK";729.30;;
1551;"ШИШКИ ИЗ НЕРЖАВЕЮЩЕЙ СТАЛИ к-т 4 шт.";128.70;;
1547;"Заглушка прочистки Корвет, Берёзка, Фаворит, Флагман, Витязь, Викинг";11.70;;
1548;"Заглушка прочистки Оптима";11.70;;
2148;"Кочерга и совок";39.00;;
1529;"Дровник диагональ";413.40;;
1533;"Дровяник ""Лофтвер""";265.20;;
1501;"Паровая пушка ППС - 2";120.90;;
1502;"Паровая пушка ППС - 4 специально для чугунных печей";124.80;;
1503;"Подставка под печь D-580 (Подставка под печь повторяющая стилистику сеток печей Флагман, Витязь, Воевода, Викинг, Корвет!)";101.40;;
1504;"Декоративный фасадный экран 600х900 (печи 15й серии)";265.20;;
1531;"Декоративный фасадный экран Берёзка 24-28, Викинг 24, Витязь 28";288.60;;
1532;"Декоративный фасадный экран Флагиан 15,18,20";288.60;;
1555;"Декоративный фасадный экран 560х860 Тундра";230.10;;
1552;"Рамка декоративная Оптима 12";31.20;;
1534;"Рамка чёрная под Д -1";62.40;;
1535;"Рамка чёрная под Д -2";58.50;;
306;"Теплообменник в камеру сгорания берёзка/фаворит/флагман 15";198.90;;
311;"Теплообменник в камеру сгорания берёзка/фаворит/флагман 24 и в печи с сеткой";198.90;;
1507;"Теплообменник под обшивку корвет 15,24";128.70;;
1508;"Теплообменник прикладной викинг/витязь";128.70;;
307;"бак на 35 л.";312.00;;
312;"бак на 50 л.";351.00;;
1509;"бак на 40 л. труба 115 мм.";522.60;;
1510;"бак на 40 л. труба 130 мм.";530.40;;
1511;"бак на 40 л. труба 150 мм.";549.90;;
1515;"Защитные пластины топки Викинг/Витязь/Флагман";39.00;;
1516;"Воронка (дозатор) Б24";101.40;;
1528;"Экономайзер 500";97.50;;
1517;"Сетчатый экономайзер L-700 мм";210.60;;
1518;"Дверь чугунная с рамкой 320х450";546.00;;
1519;"Дверь чугунная с рамкой 440х490";787.80;;
1520;"Жаростойкое стекло 185х147 мм (ДТ-3)";78.00;;
1521;"Жаростойкое стекло 245x173 мм (Берёзка 200)";109.20;;
1522;"Жаростойкое стекло 215x118 мм (Bulik)";105.30;;
1523;"Жаростойкое стекло 230х270 мм (Фаворит 15, Викинг 15, Воевода 20)";167.70;;
1524;"Жаростойкое стекло 330х330 мм (Фаворит 24, Викинг 24)";265.20;;
1525;"Жаростойкое стекло 465х335 мм (Флагман NEW)";378.30;;
1556;"Жаростойкое стекло 420х285 мм (Флагман 15,18,20 старого образца)";292.50;;
1526;"Жаростойкое стекло 490х325 мм (Флагман 24,35)";397.80;;
1536;"Жаростойкое стекло Verona 18/26 фасадное 400х400";386.10;;
1537;"Жаростойкое стекло Verona 26 заднее 177х206";89.70;;
1538;"Жаростойкое стекло Verona 18 заднее 180х172";78.00;;
1539;"Жаростойкое стекло Hors 6 перед 450х290";319.80;;
1540;"Жаростойкое стекло Hors 6 бок 450х268";296.40;;
1541;"Жаростойкое стекло Hors 9/10 перед 564х362";495.30;;
1542;"Жаростойкое стекло Hors 9/10 бок 564х300";409.50;;
1543;"Жаростойкое стекло Hors 13 перед 618х363";542.10;;
1544;"Жаростойкое стекло Hors 13 бок 618х330";495.30;;
1545;"Жаростойкое стекло Magma 8 перед 350х230";198.90;;
1546;"Жаростойкое стекло Magma 8 бок 335х120";101.40;;
1527;"Увеличение топочного выноса до 300 мм для всех моделей печей";167.70;;
2200;"Дымоходная стартовая труба D115, 1 метр сталь толщина 3,5 мм";191.10;;
2201;"Дымоходная стартовая труба D115, 0,7 метра сталь толщина 3,5 мм";144.30;;
2202;"Дымоходная стартовая труба D115, 0,5 метра сталь толщина 3,5 мм";105.30;;
2203;"Дымоходная стартовая труба D115, 0,25 метра сталь толщина 3,5 мм";62.40;;
2204;"Дымоходная стартовая труба D130, 1 метр сталь толщина 3,5 мм";206.70;;
2205;"Дымоходная стартовая труба D130, 0,7 метра сталь толщина 3,5 мм";167.70;;
2206;"Дымоходная стартовая труба D130, 0,5 метра сталь толщина 3,5 мм";120.90;;
2207;"Дымоходная стартовая труба D130, 0,25 метра сталь толщина 3,5 мм";70.20;;
2208;"Дымоходная стартовая труба с шибером D115, 1 метр сталь толщина 3,5 мм";226.20;;
2209;"Дымоходная стартовая труба с шибером D115, 0,7 метра сталь толщина 3,5 мм";198.90;;
2210;"Дымоходная стартовая труба с шибером D115, 0,5 метра сталь толщина 3,5 мм";144.30;;
2211;"Дымоходная стартовая труба с шибером D115, 0,25 метра сталь толщина 3,5 мм";101.40;;
2212;"Дымоходная стартовая труба с шибером D130, 1 метр сталь толщина 3,5 мм";245.70;;
2213;"Дымоходная стартовая труба с шибером D130, 0,7 метра сталь толщина 3,5 мм";222.30;;
2214;"Дымоходная стартовая труба с шибером D130, 0,5 метра сталь толщина 3,5 мм";159.90;;
2215;"Дымоходная стартовая труба с шибером D130, 0,25 метра сталь толщина 3,5 мм";109.20;;
